{
  "document": [
    {
      "docId": "TECHNICAL_ARCHITECTURE_DOCUMENT",
      "title": "Technical Architecture Document",
      "purpose": "Detail the technical specifications and architecture of the project.",
      "ownerTeam": "Engineering",
      "version": "1.0.0",
      "revision": "a1",
      "dateCreated": "2025-01-01",
      "dateUpdated": "2025-01-01",
      "references": ["FUNCTIONAL_REQUIREMENTS_SPECIFICATION"],
      "formatType": "markdown",
      "tasks": [
        "TECHNICAL_ARCHITECTURE_DOCUMENT.createArchitectureDiagram",
        "TECHNICAL_ARCHITECTURE_DOCUMENT.reviewArchitecture"
      ],
      "variables": {
        "modules": ["Authentication", "Database"],
        "defaults": [
          {
            "variableId": "ARCHITECTURE_VERSION",
            "commonName": "Architecture Version",
            "ownership": "Engineering Team",
            "enabled": true,
            "defaultTriggers": {
              "enabled": true,
              "triggers": ["onModuleAdd"]
            }
          }
        ]
      },
      "instructions": {
        "sections": ["Overview", "System Components", "Data Flow", "Security"]
      }
    }
    // ...additional documents...
  ],
  "diagram": [
    {
      "diagId": "SYSTEM_CONTEXT_DIAGRAM",
      "diagramName": "System Context Diagram",
      "purpose": "Purpose of the System Context Diagram diagram.",
      "typeTool": "mermaid",
      "diagramType": "diagram",
      "generatorLibId": "mermaid_flowchart_generator",
      "version": "1.0.0",
      "revision": "a1",
      "dateCreated": "2025-01-01",
      "dateUpdated": "2025-01-01",
      "tasks": [
        "SYSTEM_CONTEXT_DIAGRAM.updateActors",
        "SYSTEM_CONTEXT_DIAGRAM.updateSystems"
      ],
      "variables": {
        "actors": ["User", "Admin"],
        "systems": ["Frontend", "Backend"],
        "defaults": [
          {
            "variableId": "DEFAULT_ACTOR",
            "commonName": "Default Actor",
            "ownership": "Design Team",
            "enabled": true,
            "defaultTriggers": {
              "enabled": true,
              "triggers": ["onActorAdd"]
            }
          }
        ]
      },
      "instructions": {
        "nodes": [
          { "id": "1", "type": "actor", "label": "User" },
          { "id": "2", "type": "system", "label": "Frontend" },
          { "id": "3", "type": "system", "label": "Backend" }
        ],
        "connectors": [
          { "source": "1", "target": "2", "type": "uses" },
          { "source": "2", "target": "3", "type": "communicates" }
        ]
      }
    }
    // ...additional diagrams...
  ],
  "asset": [
    {
      "assetId": "LOGO_IMAGE",
      "assetName": "Company Logo",
      "description": "High-resolution company logo used in marketing materials.",
      "type": "Image",
      "owner": "Design Team",
      "version": "1.0.0",
      "revision": "a1",
      "dateCreated": "2025-01-01",
      "dateUpdated": "2025-01-01",
      "metadata": {
        "resolution": "1024x1024",
        "format": "PNG",
        "defaults": [
          {
            "variableId": "IMAGE_RESOLUTION",
            "commonName": "Image Resolution",
            "ownership": "Design Team",
            "enabled": true,
            "defaultTriggers": {
              "enabled": true,
              "triggers": ["onResolutionChange"]
            }
          }
        ]
      },
      "tasks": [
        "LOGO_IMAGE.create",
        "LOGO_IMAGE.reviewDesign"
      ]
    }
    // ...additional assets...
  ]
}
