{
  "type": "object",
  "properties": {
    "variableId": {
      "type": "string",
      "description": "Unique identifier for the variable."
    },
    "commonName": {
      "type": "string",
      "description": "Common name of the variable."
    },
    "ownership": {
      "type": "string",
      "description": "Team or individual responsible for the variable."
    },
    "enabled": {
      "type": "boolean",
      "description": "Indicates whether the variable is enabled by default."
    },
    "defaultTriggers": {
      "type": "object",
      "properties": {
        "enabled": {
          "type": "boolean",
          "description": "Determines if default triggers are active."
        },
        "triggers": {
          "type": "array",
          "items": { "type": "string" },
          "description": "List of trigger actions."
        }
      },
      "required": ["enabled", "triggers"]
    }
  },
  "required": ["variableId", "commonName", "ownership", "enabled", "defaultTriggers"]
}
