{
  "$schema": "https://json-schema.org/draft/2020-12/schema",
  "$id": "https://example.com/idfw.schema.json",
  "title": "IDFW",
  "description": "Idea Definition Framework JSON Schema",
  "type": "object",
  "properties": {
    "docId": {
      "type": "string"
    },
    "version": {
      "type": "string"
    },
    "revision": {
      "type": "string"
    },
    "date": {
      "type": "string",
      "format": "date-time"
    },
    "overview": {
      "type": "object",
      "properties": {
        "purpose": {
          "type": "string"
        },
        "scope": {
          "type": "array",
          "items": {
            "type": "string"
          }
        },
        "applicability": {
          "type": "array",
          "items": {
            "type": "string"
          }
        }
      },
      "required": [
        "purpose",
        "scope",
        "applicability"
      ]
    },
    "idpv": {
      "type": "object",
      "properties": {
        "constants": {
          "type": "object",
          "description": "Immutable variables throughout project lifecycle"
        },
        "runtime": {
          "type": "object",
          "properties": {
            "axisDefinitions": {
              "type": "array",
              "items": {
                "type": "object",
                "properties": {
                  "axisName": {
                    "type": "string"
                  },
                  "min": {
                    "type": "number"
                  },
                  "max": {
                    "type": "number"
                  },
                  "masterInfluence": {
                    "type": "number"
                  }
                },
                "required": [
                  "axisName",
                  "min",
                  "max"
                ]
              }
            },
            "masterAxis": {
              "type": "object",
              "properties": {
                "axisName": {
                  "type": "string"
                },
                "min": {
                  "type": "number"
                },
                "max": {
                  "type": "number"
                },
                "formula": {
                  "type": "string"
                }
              },
              "required": [
                "axisName",
                "min",
                "max",
                "formula"
              ]
            },
            "variableCollections": {
              "type": "array",
              "items": {
                "type": "object",
                "properties": {
                  "collectionId": { "type": "string" },
                  "variables": { "type": "object" },
                  "scope": { "type": "string" }
                }
              }
            }
          }
        }
      },
      "required": ["constants", "runtime"]
    },
    "iddgs": {
      "type": "array",
      "items": {
        "$ref": "./IDDG.schema.json"
      }
    },
    "idfpjs": {
      "type": "array",
      "items": {
        "type": "object",
        "properties": {
          "idfpjId": {
            "type": "string"
          },
          "title": {
            "type": "string"
          },
          "description": {
            "type": "string"
          },
          "keyComponents": {
            "type": "array",
            "items": {
              "type": "string"
            }
          },
          "useCases": {
            "type": "array",
            "items": {
              "type": "string"
            }
          },
          "axisCoordinates": {
            "type": "object"
          }
        },
        "required": [
          "idfpjId",
          "title",
          "description"
        ]
      }
    },
    "projectActions": {
      "type": "array",
      "items": {
        "type": "object",
        "properties": {
          "artifactId": {
            "type": "string"
          },
          "actionType": {
            "type": "string"
          },
          "inputRefs": {
            "type": "array",
            "items": {
              "type": "string"
            }
          },
          "actionParams": {
            "type": "object"
          }
        },
        "required": [
          "artifactId",
          "actionType"
        ]
      }
    },
    "versionControl": {
      "type": "array",
      "items": {
        "type": "object",
        "properties": {
          "version": {
            "type": "string"
          },
          "revision": {
            "type": "string"
          },
          "date": {
            "type": "string",
            "format": "date-time"
          },
          "changeDescription": {
            "type": "string"
          }
        },
        "required": [
          "version",
          "revision",
          "date",
          "changeDescription"
        ]
      }
    },
    "updateDependencies": {
      "type": "object",
      "properties": {
        "docRefLinks": {
          "type": "array",
          "items": {
            "type": "string"
          }
        },
        "diagRefLinks": {
          "type": "array",
          "items": {
            "type": "string"
          }
        },
        "autoRegenOnChange": {
          "type": "boolean",
          "description": "If true, diagrams/documents are regenerated when related data changes."
        }
      },
      "required": [
        "docRefLinks",
        "diagRefLinks",
        "autoRegenOnChange"
      ]
    },
    "iddcs": { 
      "type": "array",
      "items": {
        "$ref": "./IDDC.schema.json"
      }
    },
    "idcmd": {
      "type": "object",
      "properties": {
        "commands": {
          "type": "array",
          "items": {
            "type": "object",
            "properties": {
              "command": { "type": "string" },
              "shortname": { "type": "string" },
              "arguments": {
                "type": "array",
                "items": {
                  "type": "object",
                  "properties": {
                    "name": { "type": "string" },
                    "type": { "type": "string" },
                    "required": { "type": "boolean" },
                    "default": { "type": "string" }
                  },
                  "required": ["name", "type"]
                }
              },
              "description": { "type": "string" }
            },
            "required": ["command", "arguments", "description"]
          }
        }
      },
      "required": ["commands"]
    }
  },
  "required": [
    "docId",
    "version"
  ],
  "version": "2.1.1",
  "updated": "2025-01-01"
}