{
  "$schema": "http://json-schema.org/draft-07/schema#",
  "type": "object",
  "properties": {
    "parsedResumeId": {
      "type": "string"
    },
    "source": {
      "type": "object",
      "properties": {
        "type": {
          "type": "string"
        },
        "rawResumeId": {
          "type": "string"
        }
      },
      "required": [
        "type",
        "rawResumeId"
      ]
    },
    "dateParsed": {
      "type": "string",
      "format": "date-time"
    },
    "parseTime": {
      "type": "string"
    },
    "data": {
      "type": "object",
      "properties": {
        "personalInfo": {
          "type": "object",
          "properties": {
            "id": {
              "type": "string"
            },
            "name": {
              "type": "string"
            },
            "contactDetails": {
              "type": "object",
              "properties": {
                "id": {
                  "type": "string"
                },
                "email": {
                  "type": "string",
                  "format": "email"
                },
                "phoneNumber": {
                  "type": "string"
                },
                "address": {
                  "type": "string"
                }
              },
              "required": [
                "id",
                "email",
                "phoneNumber",
                "address"
              ]
            }
          },
          "required": [
            "id",
            "name",
            "contactDetails"
          ]
        },
        "summary": {
          "type": "object",
          "properties": {
            "id": {
              "type": "string"
            },
            "content": {
              "type": "string"
            }
          },
          "required": [
            "id",
            "content"
          ]
        },
        "workExperience": {
          "type": "object",
          "properties": {
            "id": {
              "type": "string"
            },
            "items": {
              "type": "array",
              "items": {
                "type": "object",
                "properties": {
                  "id": {
                    "type": "string"
                  },
                  "position": {
                    "type": "string"
                  },
                  "company": {
                    "type": "string"
                  },
                  "start_date": {
                    "type": "string",
                    "format": "date"
                  },
                  "end_date": {
                    "type": "string",
                    "format": "date"
                  },
                  "currentRole": {
                    "type": "boolean"
                  },
                  "description": {
                    "type": "string"
                  }
                },
                "required": [
                  "id",
                  "position",
                  "company",
                  "start_date",
                  "end_date",
                  "description"
                ]
              }
            }
          },
          "required": [
            "id",
            "items"
          ]
        },
        "skills": {
          "type": "object",
          "properties": {
            "id": {
              "type": "string"
            },
            "items": {
              "type": "array",
              "items": {
                "type": "object",
                "properties": {
                  "id": {
                    "type": "string"
                  },
                  "skill": {
                    "type": "string"
                  }
                },
                "required": [
                  "id",
                  "skill"
                ]
              }
            }
          },
          "required": [
            "id",
            "items"
          ]
        },
        "education": {
          "type": "object",
          "properties": {
            "id": {
              "type": "string"
            },
            "items": {
              "type": "array",
              "items": {
                "type": "object",
                "properties": {
                  "id": {
                    "type": "string"
                  },
                  "degree": {
                    "type": "string"
                  },
                  "institution": {
                    "type": "string"
                  },
                  "start_date": {
                    "type": "string",
                    "format": "date"
                  },
                  "end_date": {
                    "type": "string",
                    "format": "date"
                  },
                  "description": {
                    "type": "string"
                  }
                },
                "required": [
                  "id",
                  "degree",
                  "institution",
                  "start_date",
                  "end_date"
                ]
              }
            }
          },
          "required": [
            "id",
            "items"
          ]
        },
        "certifications": {
          "type": "object",
          "properties": {
            "id": {
              "type": "string"
            },
            "items": {
              "type": "array",
              "items": {
                "type": "object",
                "properties": {
                  "id": {
                    "type": "string"
                  },
                  "name": {
                    "type": "string"
                  },
                  "institution": {
                    "type": "string"
                  },
                  "date": {
                    "type": "string",
                    "format": "date"
                  }
                },
                "required": [
                  "id",
                  "name",
                  "institution",
                  "date"
                ]
              }
            }
          },
          "required": [
            "id",
            "items"
          ]
        }
      }
    }
  },
  "required": [
    "parsedResumeId",
    "source",
    "dateParsed",
    "parseTime",
    "data"
  ],
  "version": "2.1.1",
  "updated": "2025-01-01",
  "$id": "resume.schema.json"
}